1516369228-230,http://data.gov.ph/dataset/clark-international-airport-corporation-fedex-flight,http://data.gov.ph/sites/default/files/ciac_fedex_flights_2013.csv
1516369125-20,http://data.gov.ph/dataset/rsbsa-number-registered-farmers-farm-laborers-and-fishermen-y-marital-status-2013,http://data.gov.ph/sites/default/files/migrated/xlsx_10
1516369234-240,http://data.gov.ph/dataset/registered-products,http://data.gov.ph/sites/default/files/Household%20Pesticides.csv
1516369261-333,http://data.gov.ph/dataset/20-percent-component-internal-revenue-allotment-utilization-region-iv-calabarzon,http://data.gov.ph/sites/default/files/lucena_city_ira_utilization_2012_q1.csv
1516369187-150,http://data.gov.ph/dataset/balance-sheet-and-key-ratios-rural-and-cooperative-banks,http://data.gov.ph/sites/default/files/bsp_rcb_consolidated_statement_condition_key_ratios_2010.csv
1516369300-442,http://data.gov.ph/dataset/civil-aviation-authority-philippines-cargo-and-freight-movement,http://data.gov.ph/sites/default/files/airdata_cargo_freight_movement_2013.csv
1516369181-99,http://data.gov.ph/dataset/climatological-normal-values,http://data.gov.ph/sites/default/files/pagasanormvalcalorientlmin1981-2010.csv
1516369181-97,http://data.gov.ph/dataset/climatological-normal-values,http://data.gov.ph/sites/default/files/pagasanormvalcabnuevaecija1981-2011.csv
1516369162-77,http://data.gov.ph/dataset/civil-aviation-authority-philippines-aircraft-incidents,http://data.gov.ph/sites/default/files/2014%20CAAP%20Aircraft%20Incidents_0.csv
1516369136-30,http://data.gov.ph/dataset/nscb-capital-investment-registered-single-proprietors-activity,http://data.gov.ph/sites/default/files/nscb_capital_investments_of_registered_single_proprietors_by_activity_2007-2010.csv
1516369261-358,http://data.gov.ph/dataset/20-percent-component-internal-revenue-allotment-utilization-region-iv-calabarzon,http://data.gov.ph/sites/default/files/batangasprov_irau_2013_q3.csv
1516369220-200,http://data.gov.ph/dataset/balance-sheet-and-key-ratios-nbqb,http://data.gov.ph/sites/default/files/bsp_nbqb_balance_sheet_key_ratios_2014.csv
1516369283-404,http://data.gov.ph/dataset/cbms-core-indicators-zamboanga-del-norte,http://data.gov.ph/sites/default/files/cbms_zamboanga_del_norte_income_livelihood_indicators.csv
1516369121-16,http://data.gov.ph/dataset/budget-expenditures-and-sources-financing-2011,http://data.gov.ph/sites/default/files/migrated/DBMBESFTableB.4b2011.csv
1516369257-294,http://data.gov.ph/dataset/income-statement-and-key-ratios-thrift-banking-system,http://data.gov.ph/sites/default/files/BSP_income_statement_and_key_ratios_thrift_banking_system_2012_0.csv
1516369181-121,http://data.gov.ph/dataset/climatological-normal-values,http://data.gov.ph/sites/default/files/pagasanormvalmacintairportcebu1981-2010.csv
1516369261-336,http://data.gov.ph/dataset/20-percent-component-internal-revenue-allotment-utilization-region-iv-calabarzon,http://data.gov.ph/sites/default/files/quezon_province_irau_032012_q1.csv
1516369203-181,http://data.gov.ph/dataset/cbms-core-indicators-zamboanga-del-sur,http://data.gov.ph/sites/default/files/cbms_zamboanga_del_sur_income_livelihood_indicators.csv
1516369121-6,http://data.gov.ph/dataset/budget-expenditures-and-sources-financing-2011,http://data.gov.ph/sites/default/files/migrated/DBMBESFTableB.2c2011.csv
1516369140-38,http://data.gov.ph/dataset/civil-aviation-authority-philippines-passenger-movement,http://data.gov.ph/sites/default/files/airdata_passenger_movement_2007.csv
1516369300-443,http://data.gov.ph/dataset/civil-aviation-authority-philippines-cargo-and-freight-movement,http://data.gov.ph/sites/default/files/airdata_cargo_freight_movement_2014.csv
1516369195-163,http://data.gov.ph/dataset/credit-card-receivables-philippine-banking-system,http://data.gov.ph/sites/default/files/bsp_pbs_credit_receivables_2013.csv
1516369224-220,http://data.gov.ph/dataset/metro-rail-transit-line-3-passenger-traffic-saturdays,http://data.gov.ph/sites/default/files/2013_saturday_percentage.csv
1516369255-290,http://data.gov.ph/dataset/20-percent-component-internal-revenue-allotment-utilization-region-ii-cagayan-valley,http://data.gov.ph/sites/default/files/batanes_ira_utilization_20130630_q3.csv
1516369261-305,http://data.gov.ph/dataset/20-percent-component-internal-revenue-allotment-utilization-region-iv-calabarzon,http://data.gov.ph/sites/default/files/batangas_city_irau_03302012_q1.csv
1516369160-58,http://data.gov.ph/dataset/balance-sheet-and-key-ratios-thrift-banks,http://data.gov.ph/sites/default/files/bsp_tbs_balance_sheet_key_ratios_2014.csv
1516369187-157,http://data.gov.ph/dataset/balance-sheet-and-key-ratios-rural-and-cooperative-banks,http://data.gov.ph/sites/default/files/bsp_rcb_consolidated_statement_condition_key_ratios_2001-2002.csv
1516369261-372,http://data.gov.ph/dataset/20-percent-component-internal-revenue-allotment-utilization-region-iv-calabarzon,http://data.gov.ph/sites/default/files/batangasprov_ira_utilization_2014_q3.csv
1516369265-381,http://data.gov.ph/dataset/cbms-core-indicators-siquijor,http://data.gov.ph/sites/default/files/cbms_siquijor_unemp_victims_of_crime_indicators.csv
1516369255-291,http://data.gov.ph/dataset/20-percent-component-internal-revenue-allotment-utilization-region-ii-cagayan-valley,http://data.gov.ph/sites/default/files/cagayan_irau_20120630_q2.csv
1516369181-94,http://data.gov.ph/dataset/climatological-normal-values,http://data.gov.ph/sites/default/files/pagasanormvalbalerquez1995-2010.csv
1516369261-338,http://data.gov.ph/dataset/20-percent-component-internal-revenue-allotment-utilization-region-iv-calabarzon,http://data.gov.ph/sites/default/files/quezon_province_irau_092012_q3.csv
1516369162-79,http://data.gov.ph/dataset/civil-aviation-authority-philippines-aircraft-incidents,http://data.gov.ph/sites/default/files/2016%20CAAP%20Aircraft%20Incidents.csv
1516369238-245,http://data.gov.ph/dataset/national-government-cash-operations-report,http://data.gov.ph/sites/default/files/btr_natl_govt_cash_operation_report_2008.csv
1516369181-125,http://data.gov.ph/dataset/climatological-normal-values,http://data.gov.ph/sites/default/files/pagasanormvalportareamnl1981-2010.csv
1516369251-279,http://data.gov.ph/dataset/budget-expenditures-and-sources-financing-2012,http://data.gov.ph/sites/default/files/migrated/DBMBESFTableB.4b2012.csv
1516369218-196,http://data.gov.ph/dataset/cbms-core-indicator-burgos-la-union,http://data.gov.ph/sites/default/files/cbms_la_union_housing_indicators.csv
1516369302-455,http://data.gov.ph/dataset/civil-aviation-authority-philippines-aircraft-movement,http://data.gov.ph/sites/default/files/airdata_aircraft_movement_2008_0.csv
1516369261-309,http://data.gov.ph/dataset/20-percent-component-internal-revenue-allotment-utilization-region-iv-calabarzon,http://data.gov.ph/sites/default/files/batangas_province_ira_utilization_2012_q2.csv
1516369199-175,http://data.gov.ph/dataset/benefits-and-services-overseas-filipino-workers,http://data.gov.ph/sites/default/files/dolebenandservcsforofws2007-2012.csv
1516369121-14,http://data.gov.ph/dataset/budget-expenditures-and-sources-financing-2011,http://data.gov.ph/sites/default/files/migrated/DBMBESFTableB.72011.csv
1516369187-149,http://data.gov.ph/dataset/balance-sheet-and-key-ratios-rural-and-cooperative-banks,http://data.gov.ph/sites/default/files/bsp_rcb_consolidated_statement_condition_key_ratios_2011.csv
1516369121-15,http://data.gov.ph/dataset/budget-expenditures-and-sources-financing-2011,http://data.gov.ph/sites/default/files/migrated/DBMBESFTableB.7a2011.csv
1516369234-239,http://data.gov.ph/dataset/registered-products,http://data.gov.ph/sites/default/files/Herbal%20Medicine%20%28HMR%29%20and%20Herbal%20Drug%20Listing%20%28HDL%29.csv
1516369187-148,http://data.gov.ph/dataset/balance-sheet-and-key-ratios-rural-and-cooperative-banks,http://data.gov.ph/sites/default/files/bsp_rcb_consolidated_statement_condition_key_ratios_2012.csv
1516369222-209,http://data.gov.ph/dataset/income-bureau-treasury,http://data.gov.ph/sites/default/files/btr_income_2008.csv
1516369302-462,http://data.gov.ph/dataset/civil-aviation-authority-philippines-aircraft-movement,http://data.gov.ph/sites/default/files/airdata_aircraft_movement_2001_1.csv
1516369224-223,http://data.gov.ph/dataset/metro-rail-transit-line-3-passenger-traffic-saturdays,http://data.gov.ph/sites/default/files/2014_saturday_average.csv
1516369251-271,http://data.gov.ph/dataset/budget-expenditures-and-sources-financing-2012,http://data.gov.ph/sites/default/files/migrated/DBMBESFTableB.4c2012.csv
1516369181-104,http://data.gov.ph/dataset/climatological-normal-values,http://data.gov.ph/sites/default/files/pagasanormvalcotmaguin1981-2010.csv
1516369181-114,http://data.gov.ph/dataset/climatological-normal-values,http://data.gov.ph/sites/default/files/pagasanormvalibazam1981-2010.csv
1516369277-392,http://data.gov.ph/dataset/registry-system-basic-sectors-agriculture,http://data.gov.ph/sites/default/files/migrated/farmlaborerssexkindofworkasfarmlaborerprov.csv
1516369181-105,http://data.gov.ph/dataset/climatological-normal-values,http://data.gov.ph/sites/default/files/pagasanormvalcuyopal1981-2012.csv
1516369181-129,http://data.gov.ph/dataset/climatological-normal-values,http://data.gov.ph/sites/default/files/pagasanormvalsangleyptcav1981-2010.csv
1516369246-267,http://data.gov.ph/dataset/higher-education-institutions,http://data.gov.ph/sites/default/files/migrated/privheifacultystudratio20122013.csv
1516369261-316,http://data.gov.ph/dataset/20-percent-component-internal-revenue-allotment-utilization-region-iv-calabarzon,http://data.gov.ph/sites/default/files/caviteprov_irau_2012_q1.csv
1516369207-185,http://data.gov.ph/dataset/internal-revenue-allotment-dependency,http://data.gov.ph/sites/default/files/2009-2014_irad_by_province.csv
1516369203-177,http://data.gov.ph/dataset/cbms-core-indicators-zamboanga-del-sur,http://data.gov.ph/sites/default/files/cbms_zamboanga_del_sur_demog_indicators.csv
1516369300-440,http://data.gov.ph/dataset/civil-aviation-authority-philippines-cargo-and-freight-movement,http://data.gov.ph/sites/default/files/airdata_cargo_freight_movement_2011.csv
1516369269-387,http://data.gov.ph/dataset/enrolment-and-graduates-tesda-technology-institutions,http://data.gov.ph/sites/default/files/Enrolment%20and%20Graduates%20of%20tesda%20technology%20institute%20cy%202006.csv
1516369203-178,http://data.gov.ph/dataset/cbms-core-indicators-zamboanga-del-sur,http://data.gov.ph/sites/default/files/cbms_zamboanga_del_sur_educ_indicators.csv
1516369181-112,http://data.gov.ph/dataset/climatological-normal-values,http://data.gov.ph/sites/default/files/pagasanormvalguiuaneastsam1981-2010.csv
1516369261-375,http://data.gov.ph/dataset/20-percent-component-internal-revenue-allotment-utilization-region-iv-calabarzon,http://data.gov.ph/sites/default/files/lagunaprov_irau_2014_q3.csv
1516369181-95,http://data.gov.ph/dataset/climatological-normal-values,http://data.gov.ph/sites/default/files/pagasanormvalborongeastsam1981-2010.csv
1516369251-270,http://data.gov.ph/dataset/budget-expenditures-and-sources-financing-2012,http://data.gov.ph/sites/default/files/migrated/DBMBESFTableB.112012.csv
1516369181-117,http://data.gov.ph/dataset/climatological-normal-values,http://data.gov.ph/sites/default/files/pagasanormvallaoagilocosnorte1981-2010.csv
1516369242-253,http://data.gov.ph/dataset/administration-probation-system-and-parole-systems,http://data.gov.ph/sites/default/files/ppa_pardon_supervision_caseload_1989-2013.csv
1516369218-197,http://data.gov.ph/dataset/cbms-core-indicator-burgos-la-union,http://data.gov.ph/sites/default/files/cbms_la_union_income_livelihood_indicators.csv
1516369215-192,http://data.gov.ph/dataset/projects-department-agricultures-regional-field-units,http://data.gov.ph/sites/default/files/darfuproj2013.csv
1516369261-361,http://data.gov.ph/dataset/20-percent-component-internal-revenue-allotment-utilization-region-iv-calabarzon,http://data.gov.ph/sites/default/files/caviteprov_irau_2013_q1.csv
1516369164-81,http://data.gov.ph/dataset/average-domestic-price-wood-panel-board-2012,http://data.gov.ph/sites/default/files/migrated/priceswpb2012.xls
1516369144-49,http://data.gov.ph/dataset/total-school-enrollment-public-elementary-schools,http://data.gov.ph/sites/default/files/migrated/depedtotalschoolenrollmentforpublicelementaryschools2005to2012_0.csv
1516369253-287,http://data.gov.ph/dataset/establishments-inspectedvisited-and-found-violating-general-labor-standards-and-technical,http://data.gov.ph/sites/default/files/doleestablshmntsinspectedandviosfound1976-2012_0.csv
1516369302-458,http://data.gov.ph/dataset/civil-aviation-authority-philippines-aircraft-movement,http://data.gov.ph/sites/default/files/airdata_aircraft_movement_2005_0.csv
1516369230-232,http://data.gov.ph/dataset/log-prices-2008,http://data.gov.ph/sites/default/files/migrated/priceslog2008.xls
1516369160-62,http://data.gov.ph/dataset/balance-sheet-and-key-ratios-thrift-banks,http://data.gov.ph/sites/default/files/bsp_tbs_balance_sheet_key_ratios_2010.csv
1516369283-402,http://data.gov.ph/dataset/cbms-core-indicators-zamboanga-del-norte,http://data.gov.ph/sites/default/files/cbms_zamboanga_del_norte_health_nutrition_indicators.csv
1516369267-385,http://data.gov.ph/dataset/bir-tax-statistics,http://data.gov.ph/sites/default/files/bircomintrevcolgoalstaxtype2012-2013.csv
1516369283-401,http://data.gov.ph/dataset/cbms-core-indicators-zamboanga-del-norte,http://data.gov.ph/sites/default/files/cbms_zamboanga_del_norte_demog_indicators.csv
1516369285-407,http://data.gov.ph/dataset/nscb-awareness-right-ownership-through-acquisition-title-ancestral-domain,http://data.gov.ph/sites/default/files/migrated/NSCBAWARENESSOFRIGHTTOOWNERSHIPTHROUGHACQUISITIONOFTITLETOANCESTRALDOMAIN.xlsx
1516369261-329,http://data.gov.ph/dataset/20-percent-component-internal-revenue-allotment-utilization-region-iv-calabarzon,http://data.gov.ph/sites/default/files/cavite_province_irau_utilization_07_082012_q3.csv
1516369220-208,http://data.gov.ph/dataset/balance-sheet-and-key-ratios-nbqb,http://data.gov.ph/sites/default/files/bsp_nbqb_balance_sheet_key_ratios_2006.csv
1516369302-457,http://data.gov.ph/dataset/civil-aviation-authority-philippines-aircraft-movement,http://data.gov.ph/sites/default/files/airdata_aircraft_movement_2006_0.csv
1516369127-22,http://data.gov.ph/dataset/consumer-loans-universal-and-commercial-banks,http://data.gov.ph/sites/default/files/bsp_ukb_consumer_loans_2013.csv
1516369160-69,http://data.gov.ph/dataset/balance-sheet-and-key-ratios-thrift-banks,http://data.gov.ph/sites/default/files/bsp_tbs_balance_sheet_key_ratios_2001-2002.csv
1516369238-248,http://data.gov.ph/dataset/national-government-cash-operations-report,http://data.gov.ph/sites/default/files/btr_natl_govt_cash_operation_report_2011.csv
1516369187-146,http://data.gov.ph/dataset/balance-sheet-and-key-ratios-rural-and-cooperative-banks,http://data.gov.ph/sites/default/files/bsp_rcb_consolidated_statement_condition_key_ratios_2014.csv
1516369166-82,http://data.gov.ph/dataset/masterlist-public-school,http://data.gov.ph/sites/default/files/Masterlist%20of%20Schools%20Elementary.csv
1516369140-33,http://data.gov.ph/dataset/civil-aviation-authority-philippines-passenger-movement,http://data.gov.ph/sites/default/files/airdata_passenger_movement_2002.csv
1516369140-36,http://data.gov.ph/dataset/civil-aviation-authority-philippines-passenger-movement,http://data.gov.ph/sites/default/files/airdata_passenger_movement_2005.csv
1516369181-139,http://data.gov.ph/dataset/climatological-normal-values,http://data.gov.ph/sites/default/files/pagasanormvalviracsynupcatan1981-2010.csv
1516369261-363,http://data.gov.ph/dataset/20-percent-component-internal-revenue-allotment-utilization-region-iv-calabarzon,http://data.gov.ph/sites/default/files/caviteprov_irau_2013_q4.csv
1516369246-265,http://data.gov.ph/dataset/higher-education-institutions,http://data.gov.ph/sites/default/files/migrated/privheifacultybyproglevel20122013.csv
1516369302-451,http://data.gov.ph/dataset/civil-aviation-authority-philippines-aircraft-movement,http://data.gov.ph/sites/default/files/airdata_aircraft_movement_2012.csv
1516369142-48,http://data.gov.ph/dataset/revenue-district-offices,http://data.gov.ph/sites/default/files/Revenue%20District%20Office_0.csv
1516369121-18,http://data.gov.ph/dataset/budget-expenditures-and-sources-financing-2011,http://data.gov.ph/sites/default/files/migrated/DBMBESFTableB.2a2011.csv
1516369294-418,http://data.gov.ph/dataset/physical-network-number-offices-also-known-financial-institutions-under-bsp,http://data.gov.ph/sites/default/files/physical_network_number_of_offices_2005.csv
1516369127-25,http://data.gov.ph/dataset/consumer-loans-universal-and-commercial-banks,http://data.gov.ph/sites/default/files/bsp_ukb_consumer_loans_2010.csv
1516369287-408,http://data.gov.ph/dataset/trainees-served-and-certificates-issued-national-maritime-polytechnic,http://data.gov.ph/sites/default/files/doletraineesservdandcertissuedbynmp1986-2012.csv
1516369294-411,http://data.gov.ph/dataset/physical-network-number-offices-also-known-financial-institutions-under-bsp,http://data.gov.ph/sites/default/files/physical_network_number_of_offices_2012.csv
1516369228-231,http://data.gov.ph/dataset/clark-international-airport-corporation-fedex-flight,http://data.gov.ph/sites/default/files/ciac_summary_fedex_flight_2010-2013.csv
1516369296-427,http://data.gov.ph/dataset/cbms-core-indicators-agusan-del-sur,http://data.gov.ph/sites/default/files/cbms_agusan_del_sur_housing_water_sanitation_indicators.CSV
1516369261-335,http://data.gov.ph/dataset/20-percent-component-internal-revenue-allotment-utilization-region-iv-calabarzon,http://data.gov.ph/sites/default/files/lucena_city_ira_utilization_2012_q3.csv
1516369294-417,http://data.gov.ph/dataset/physical-network-number-offices-also-known-financial-institutions-under-bsp,http://data.gov.ph/sites/default/files/physical_network_number_of_offices_2006.csv
1516369273-389,http://data.gov.ph/dataset/voting-statistics-region,http://data.gov.ph/sites/default/files/comelec_reg_voters_1992-2013.csv
1516369181-136,http://data.gov.ph/dataset/climatological-normal-values,http://data.gov.ph/sites/default/files/pagasanormvaltugcitycag1981-2010.csv
1516369179-89,http://data.gov.ph/dataset/status-pnr-stations,http://data.gov.ph/sites/default/files/migrated/PNRstatusofstations.csv
1516369140-43,http://data.gov.ph/dataset/civil-aviation-authority-philippines-passenger-movement,http://data.gov.ph/sites/default/files/airdata_passenger_movement_2012.csv
1516369302-461,http://data.gov.ph/dataset/civil-aviation-authority-philippines-aircraft-movement,http://data.gov.ph/sites/default/files/airdata_aircraft_movement_2002_0.csv
1516369140-32,http://data.gov.ph/dataset/civil-aviation-authority-philippines-passenger-movement,http://data.gov.ph/sites/default/files/airdata_passenger_movement_2001.csv
1516369195-170,http://data.gov.ph/dataset/credit-card-receivables-philippine-banking-system,http://data.gov.ph/sites/default/files/bsp_pbs_credit_receivables_2006.csv
1516369195-166,http://data.gov.ph/dataset/credit-card-receivables-philippine-banking-system,http://data.gov.ph/sites/default/files/bsp_pbs_credit_receivables_2010.csv
1516369224-224,http://data.gov.ph/dataset/metro-rail-transit-line-3-passenger-traffic-saturdays,http://data.gov.ph/sites/default/files/2014_saturdays_percentage.csv
1516369302-450,http://data.gov.ph/dataset/civil-aviation-authority-philippines-aircraft-movement,http://data.gov.ph/sites/default/files/airdata_aircraft_movement_2013.csv
1516369220-202,http://data.gov.ph/dataset/balance-sheet-and-key-ratios-nbqb,http://data.gov.ph/sites/default/files/bsp_nbqb_balance_sheet_key_ratios_2012.csv
1516369123-19,http://data.gov.ph/dataset/nscb-index-value-production-key-manufacturing-enterprises-industry,http://data.gov.ph/sites/default/files/nscb_index_of_value_of_production_of_key_manufacturing_enterprises_by_industry_2008-%202012.CSV
1516369251-282,http://data.gov.ph/dataset/budget-expenditures-and-sources-financing-2012,http://data.gov.ph/sites/default/files/migrated/DBMBESFTableB.3c2012.csv
1516369146-50,http://data.gov.ph/dataset/alien-employment-permits-aeps-nationality,http://data.gov.ph/sites/default/files/dolealienemppermsbynatlity1978-2012.csv
1516369181-137,http://data.gov.ph/dataset/climatological-normal-values,http://data.gov.ph/sites/default/files/pagasanormvalviganilocossur1981-2010.csv
1516369261-356,http://data.gov.ph/dataset/20-percent-component-internal-revenue-allotment-utilization-region-iv-calabarzon,http://data.gov.ph/sites/default/files/batangasprov_irau_2013_q1.csv
1516369127-23,http://data.gov.ph/dataset/consumer-loans-universal-and-commercial-banks,http://data.gov.ph/sites/default/files/bsp_ukb_consumer_loans_2012.csv
1516369224-218,http://data.gov.ph/dataset/metro-rail-transit-line-3-passenger-traffic-saturdays,http://data.gov.ph/sites/default/files/2011_saturdays_total.csv
1516369294-415,http://data.gov.ph/dataset/physical-network-number-offices-also-known-financial-institutions-under-bsp,http://data.gov.ph/sites/default/files/physical_network_number_of_offices_2008.csv
1516369300-431,http://data.gov.ph/dataset/civil-aviation-authority-philippines-cargo-and-freight-movement,http://data.gov.ph/sites/default/files/airdata_cargo_freight_movement_2001_0.csv
1516369302-454,http://data.gov.ph/dataset/civil-aviation-authority-philippines-aircraft-movement,http://data.gov.ph/sites/default/files/airdata_aircraft_movement_2009_1.csv
1516369242-257,http://data.gov.ph/dataset/administration-probation-system-and-parole-systems,http://data.gov.ph/sites/default/files/ppa_probation_supervision_caseload_1978-2013.csv
1516369277-391,http://data.gov.ph/dataset/registry-system-basic-sectors-agriculture,http://data.gov.ph/sites/default/files/migrated/xlsx_16
1516369244-258,http://data.gov.ph/dataset/senatorial-election-results,http://data.gov.ph/sites/default/files/senatorial_%20results_2010_0.csv
1516369261-312,http://data.gov.ph/dataset/20-percent-component-internal-revenue-allotment-utilization-region-iv-calabarzon,http://data.gov.ph/sites/default/files/calamba_city_irau_20120321_q1.csv
1516369121-5,http://data.gov.ph/dataset/budget-expenditures-and-sources-financing-2011,http://data.gov.ph/sites/default/files/migrated/DBMBESFTableB.3b2011.csv
1516369251-283,http://data.gov.ph/dataset/budget-expenditures-and-sources-financing-2012,http://data.gov.ph/sites/default/files/migrated/DBMBESFTableB.92012.csv
1516369234-234,http://data.gov.ph/dataset/registered-products,http://data.gov.ph/sites/default/files/Biological%20Products.csv
1516369203-183,http://data.gov.ph/dataset/cbms-core-indicators-zamboanga-del-sur,http://data.gov.ph/sites/default/files/cbms_zamboanga_del_sur_water_sanitation_indicators.csv
1516369185-145,http://data.gov.ph/dataset/nscb-direction-trade,http://data.gov.ph/sites/default/files/nscb_direction_of_trade_2010-2012.CSV
1516369265-378,http://data.gov.ph/dataset/cbms-core-indicators-siquijor,http://data.gov.ph/sites/default/files/cbms_siquijor_health_nutrition_indicators.csv
1516369238-250,http://data.gov.ph/dataset/national-government-cash-operations-report,http://data.gov.ph/sites/default/files/btr_natl_govt_cash_operation_report_2013.csv
1516369257-292,http://data.gov.ph/dataset/income-statement-and-key-ratios-thrift-banking-system,http://data.gov.ph/sites/default/files/BSP_income_statement_and_key_ratios_thrift_banking_system_2014_0.csv
1516369261-367,http://data.gov.ph/dataset/20-percent-component-internal-revenue-allotment-utilization-region-iv-calabarzon,http://data.gov.ph/sites/default/files/quezonprov_irau_03312013_q1.csv
1516369261-330,http://data.gov.ph/dataset/20-percent-component-internal-revenue-allotment-utilization-region-iv-calabarzon,http://data.gov.ph/sites/default/files/lipa_city_ira_utilization_2012_q1.csv
1516369162-75,http://data.gov.ph/dataset/civil-aviation-authority-philippines-aircraft-incidents,http://data.gov.ph/sites/default/files/2012%20CAAP%20Aircraft%20Incidents_0.csv
1516369232-233,http://data.gov.ph/dataset/alert-status-active-oda-loan-assisted-projects,http://data.gov.ph/sites/default/files/migrated/AlertStatusofActiveODALoanAssistedProjectsasofJune2014Dataset.csv
1516369181-131,http://data.gov.ph/dataset/climatological-normal-values,http://data.gov.ph/sites/default/files/pagasanormvalscigardenqc1981-2010.csv
1516369290-409,http://data.gov.ph/dataset/plant-nursery-operators-0,http://data.gov.ph/sites/default/files/daplantnurseryop2013%20%281%29.csv
1516369255-289,http://data.gov.ph/dataset/20-percent-component-internal-revenue-allotment-utilization-region-ii-cagayan-valley,http://data.gov.ph/sites/default/files/batanes_ira_utilization_20121231_q4.csv
1516369224-219,http://data.gov.ph/dataset/metro-rail-transit-line-3-passenger-traffic-saturdays,http://data.gov.ph/sites/default/files/2012_mrt_hourly_Saturdays_ridership.csv
1516369238-246,http://data.gov.ph/dataset/national-government-cash-operations-report,http://data.gov.ph/sites/default/files/btr_natl_govt_cash_operation_report_2009.csv
1516369261-331,http://data.gov.ph/dataset/20-percent-component-internal-revenue-allotment-utilization-region-iv-calabarzon,http://data.gov.ph/sites/default/files/lipa_city_ira_utilization_201206_q2.csv
1516369226-226,http://data.gov.ph/dataset/list-technical-vocational-institutions-tesda-registered-programs,http://data.gov.ph/sites/default/files/List%20of%20Technical%20Vocational%20Institutions%20with%20TESDA%20%20registered%20programs.csv
1516369132-28,http://data.gov.ph/dataset/figures-pecr5-sc-may-5-2014,http://data.gov.ph/sites/default/files/migrated/FiguresPECR5withSC05052014.jpeg
1516369195-164,http://data.gov.ph/dataset/credit-card-receivables-philippine-banking-system,http://data.gov.ph/sites/default/files/bsp_pbs_credit_receivables_2012.csv
1516369181-140,http://data.gov.ph/dataset/climatological-normal-values,http://data.gov.ph/sites/default/files/pagasanormvalzamdelsur1981-2010.csv
1516369170-85,http://data.gov.ph/dataset/barangay-food-terminals-bfts,http://data.gov.ph/sites/default/files/dabrgyfoodterminals2013.csv
1516369162-78,http://data.gov.ph/dataset/civil-aviation-authority-philippines-aircraft-incidents,http://data.gov.ph/sites/default/files/2015%20CAAP%20Aircraft%20Incidents_0.csv
1516369181-134,http://data.gov.ph/dataset/climatological-normal-values,http://data.gov.ph/sites/default/files/pagasanormvaltagbibohol1981-2010.csv
1516369261-314,http://data.gov.ph/dataset/20-percent-component-internal-revenue-allotment-utilization-region-iv-calabarzon,http://data.gov.ph/sites/default/files/calamba_city_irau_2012_0930_q3.csv
1516369121-2,http://data.gov.ph/dataset/budget-expenditures-and-sources-financing-2011,http://data.gov.ph/sites/default/files/migrated/dbmbesftableb12011.csv
1516369140-47,http://data.gov.ph/dataset/civil-aviation-authority-philippines-passenger-movement,http://data.gov.ph/sites/default/files/airdata_passenger_movement_2016.csv
1516369261-308,http://data.gov.ph/dataset/20-percent-component-internal-revenue-allotment-utilization-region-iv-calabarzon,http://data.gov.ph/sites/default/files/batangas_province_ira_utilization_2012_q1.csv
1516369121-8,http://data.gov.ph/dataset/budget-expenditures-and-sources-financing-2011,http://data.gov.ph/sites/default/files/migrated/DBMBESFTableB.4a2011.csv
1516369294-421,http://data.gov.ph/dataset/physical-network-number-offices-also-known-financial-institutions-under-bsp,http://data.gov.ph/sites/default/files/physical_network_number_of_offices_2002.csv
1516369181-127,http://data.gov.ph/dataset/climatological-normal-values,http://data.gov.ph/sites/default/files/pagasanormvalromblon1981-2010.csv
1516369300-438,http://data.gov.ph/dataset/civil-aviation-authority-philippines-cargo-and-freight-movement,http://data.gov.ph/sites/default/files/airdata_cargo_freight_movement_2008.csv
1516369300-435,http://data.gov.ph/dataset/civil-aviation-authority-philippines-cargo-and-freight-movement,http://data.gov.ph/sites/default/files/airdata_cargo_freight_movement_2005.csv
1516369261-311,http://data.gov.ph/dataset/20-percent-component-internal-revenue-allotment-utilization-region-iv-calabarzon,http://data.gov.ph/sites/default/files/batangas_province_ira_utilization_2012_q4.csv
1516369218-194,http://data.gov.ph/dataset/cbms-core-indicator-burgos-la-union,http://data.gov.ph/sites/default/files/cbms_la_union_demog_indicators.csv
1516369181-128,http://data.gov.ph/dataset/climatological-normal-values,http://data.gov.ph/sites/default/files/pagasanormvalroxascapiz1981-2010.csv
1516369302-448,http://data.gov.ph/dataset/civil-aviation-authority-philippines-aircraft-movement,http://data.gov.ph/sites/default/files/airdata_aircraft_movement_2015.csv
1516369302-460,http://data.gov.ph/dataset/civil-aviation-authority-philippines-aircraft-movement,http://data.gov.ph/sites/default/files/airdata_aircraft_movement_2003.csv
1516369261-354,http://data.gov.ph/dataset/20-percent-component-internal-revenue-allotment-utilization-region-iv-calabarzon,http://data.gov.ph/sites/default/files/trecemartires_irau_09312012_q3.csv
1516369181-141,http://data.gov.ph/dataset/climatological-normal-values,http://data.gov.ph/sites/default/files/pagasaavervalbascobatanes2001-2010.csv
1516369251-273,http://data.gov.ph/dataset/budget-expenditures-and-sources-financing-2012,http://data.gov.ph/sites/default/files/migrated/dbmbesftableb12012.csv
1516369181-115,http://data.gov.ph/dataset/climatological-normal-values,http://data.gov.ph/sites/default/files/pagasanormvalinfantaquez1981-2010.csv
1516369261-364,http://data.gov.ph/dataset/20-percent-component-internal-revenue-allotment-utilization-region-iv-calabarzon,http://data.gov.ph/sites/default/files/lagunaprov_irau_033113_q1.csv
1516369294-422,http://data.gov.ph/dataset/physical-network-number-offices-also-known-financial-institutions-under-bsp,http://data.gov.ph/sites/default/files/physical_network_number_of_offices_2001.csv
1516369195-162,http://data.gov.ph/dataset/credit-card-receivables-philippine-banking-system,http://data.gov.ph/sites/default/files/bsp_pbs_credit_receivables_2014.csv
1516369251-275,http://data.gov.ph/dataset/budget-expenditures-and-sources-financing-2012,http://data.gov.ph/sites/default/files/migrated/DBMBESFTableB.2b2012.csv
1516369261-344,http://data.gov.ph/dataset/20-percent-component-internal-revenue-allotment-utilization-region-iv-calabarzon,http://data.gov.ph/sites/default/files/tagaytay_city_ira_utilization_201203_q1.csv
1516369261-348,http://data.gov.ph/dataset/20-percent-component-internal-revenue-allotment-utilization-region-iv-calabarzon,http://data.gov.ph/sites/default/files/tayabas_city_irau_2012_q1.csv
1516369246-266,http://data.gov.ph/dataset/higher-education-institutions,http://data.gov.ph/sites/default/files/migrated/highereducgraddisciplinegroupacadyr20022013.csv
1516369261-332,http://data.gov.ph/dataset/20-percent-component-internal-revenue-allotment-utilization-region-iv-calabarzon,http://data.gov.ph/sites/default/files/lipa_city_ira_utilization_201212_q3.csv
1516369140-40,http://data.gov.ph/dataset/civil-aviation-authority-philippines-passenger-movement,http://data.gov.ph/sites/default/files/airdata_passenger_movement_2009.csv
1516369160-70,http://data.gov.ph/dataset/balance-sheet-and-key-ratios-thrift-banks,http://data.gov.ph/sites/default/files/bsp_tbs_balance_sheet_key_ratios_1999-2000.csv
1516369277-395,http://data.gov.ph/dataset/registry-system-basic-sectors-agriculture,http://data.gov.ph/sites/default/files/migrated/farmersfarmlaborersfishermentypeofagriworkerprov.csv
1516369261-351,http://data.gov.ph/dataset/20-percent-component-internal-revenue-allotment-utilization-region-iv-calabarzon,http://data.gov.ph/sites/default/files/tayabas_city_irau_2012_q4.csv
1516369162-80,http://data.gov.ph/dataset/civil-aviation-authority-philippines-aircraft-incidents,http://data.gov.ph/sites/default/files/2017%201st%20Quarter%20CAAP%20Aircraft%20Incidents_0.csv
1516369251-284,http://data.gov.ph/dataset/budget-expenditures-and-sources-financing-2012,http://data.gov.ph/sites/default/files/migrated/DBMBESFTableB.3a2012.csv
1516369222-210,http://data.gov.ph/dataset/income-bureau-treasury,http://data.gov.ph/sites/default/files/btr_income_2009.csv
1516369251-286,http://data.gov.ph/dataset/budget-expenditures-and-sources-financing-2012,http://data.gov.ph/sites/default/files/migrated/DBMBESFTableB.4a2012_0.csv
1516369168-84,http://data.gov.ph/dataset/training-centers,http://data.gov.ph/sites/default/files/migrated/trainingcenters.csv
1516369261-319,http://data.gov.ph/dataset/20-percent-component-internal-revenue-allotment-utilization-region-iv-calabarzon,http://data.gov.ph/sites/default/files/caviteprov_irau_2012_q4.csv
1516369261-318,http://data.gov.ph/dataset/20-percent-component-internal-revenue-allotment-utilization-region-iv-calabarzon,http://data.gov.ph/sites/default/files/caviteprov_irau_07_08_2012_q3.csv
1516369181-113,http://data.gov.ph/dataset/climatological-normal-values,http://data.gov.ph/sites/default/files/pagasanormvalhinsuridelsur1981-2010.csv
1516369261-341,http://data.gov.ph/dataset/20-percent-component-internal-revenue-allotment-utilization-region-iv-calabarzon,http://data.gov.ph/sites/default/files/rizal_province_ira_utilization_122012_q4.csv
1516369300-439,http://data.gov.ph/dataset/civil-aviation-authority-philippines-cargo-and-freight-movement,http://data.gov.ph/sites/default/files/airdata_cargo_freight_movement_2010.csv
1516369261-349,http://data.gov.ph/dataset/20-percent-component-internal-revenue-allotment-utilization-region-iv-calabarzon,http://data.gov.ph/sites/default/files/tayabas_city_irau_2012_q2.csv
1516369261-327,http://data.gov.ph/dataset/20-percent-component-internal-revenue-allotment-utilization-region-iv-calabarzon,http://data.gov.ph/sites/default/files/cavite_province_irau_q1.csv
1516369187-154,http://data.gov.ph/dataset/balance-sheet-and-key-ratios-rural-and-cooperative-banks,http://data.gov.ph/sites/default/files/bsp_rcb_consolidated_statement_condition_key_ratios_2006.csv
1516369234-236,http://data.gov.ph/dataset/registered-products,http://data.gov.ph/sites/default/files/Food%20Products.csv
1516369140-46,http://data.gov.ph/dataset/civil-aviation-authority-philippines-passenger-movement,http://data.gov.ph/sites/default/files/airdata_passenger_movement_2015.csv
1516369195-173,http://data.gov.ph/dataset/credit-card-receivables-philippine-banking-system,http://data.gov.ph/sites/default/files/bsp_pbs_credit_receivables_2001-2002.csv
1516369238-249,http://data.gov.ph/dataset/national-government-cash-operations-report,http://data.gov.ph/sites/default/files/btr_natl_govt_cash_operation_report_2012.csv
1516369181-108,http://data.gov.ph/dataset/climatological-normal-values,http://data.gov.ph/sites/default/files/pagasanormvaldavdelsur1981-2010.csv
1516369181-122,http://data.gov.ph/dataset/climatological-normal-values,http://data.gov.ph/sites/default/files/pagasanormvalmalaybukid1981-2010.csv
1516369162-76,http://data.gov.ph/dataset/civil-aviation-authority-philippines-aircraft-incidents,http://data.gov.ph/sites/default/files/2013%20CAAP%20Aircraft%20Incidents_0.csv
1516369220-205,http://data.gov.ph/dataset/balance-sheet-and-key-ratios-nbqb,http://data.gov.ph/sites/default/files/bsp_nbqb_balance_sheet_key_ratios_2009.csv
1516369150-53,http://data.gov.ph/dataset/technical-vocational-education-and-training-tvet-enrolment-and-graduates-comparative-data,http://data.gov.ph/sites/default/files/TVET%20Graduates%20Comparative%20Data.csv
1516369292-410,http://data.gov.ph/dataset/performance-active-oda-grant-assisted-projects,http://data.gov.ph/sites/default/files/migrated/PerformanceofActiveODAGrantAssistedProjectsasofJune2014Dataset.csv
1516369181-92,http://data.gov.ph/dataset/climatological-normal-values,http://data.gov.ph/sites/default/files/pagasanormvalaparricag1981-2010.csv
1516369283-403,http://data.gov.ph/dataset/cbms-core-indicators-zamboanga-del-norte,http://data.gov.ph/sites/default/files/cbms_zamboanga_del_norte_housing_indicators.csv
1516369300-444,http://data.gov.ph/dataset/civil-aviation-authority-philippines-cargo-and-freight-movement,http://data.gov.ph/sites/default/files/airdata_cargo_freight_movement_2015.csv
1516369152-54,http://data.gov.ph/dataset/nscb-pse-composite-index-2004-2014,http://data.gov.ph/sites/default/files/migrated/NSCBPSECompositeIndex2004to2014.xlsx
1516369140-44,http://data.gov.ph/dataset/civil-aviation-authority-philippines-passenger-movement,http://data.gov.ph/sites/default/files/airdata_passenger_movement_2013.csv
1516369261-304,http://data.gov.ph/dataset/20-percent-component-internal-revenue-allotment-utilization-region-iv-calabarzon,http://data.gov.ph/sites/default/files/bacoor_city_ira_utilization_201206_q2.csv
1516369127-21,http://data.gov.ph/dataset/consumer-loans-universal-and-commercial-banks,http://data.gov.ph/sites/default/files/bsp_ukb_consumer_loans_2014.csv
1516369261-362,http://data.gov.ph/dataset/20-percent-component-internal-revenue-allotment-utilization-region-iv-calabarzon,http://data.gov.ph/sites/default/files/caviteprov_irau_2013_q3.csv
1516369222-212,http://data.gov.ph/dataset/income-bureau-treasury,http://data.gov.ph/sites/default/files/btr_income_2011.csv
1516369259-298,http://data.gov.ph/dataset/nscb-quarterly-economic-indices,http://data.gov.ph/sites/default/files/nscb_quarterly_economic_indices_2012-2013.CSV
1516369277-394,http://data.gov.ph/dataset/registry-system-basic-sectors-agriculture,http://data.gov.ph/sites/default/files/migrated/farmersfarmlaborersfishermensexmaritalstatusprov.csv
1516369246-262,http://data.gov.ph/dataset/higher-education-institutions,http://data.gov.ph/sites/default/files/migrated/highereducindicators20032013.csv
1516369187-147,http://data.gov.ph/dataset/balance-sheet-and-key-ratios-rural-and-cooperative-banks,http://data.gov.ph/sites/default/files/bsp_rcb_consolidated_statement_condition_key_ratios_2013.csv
1516369181-142,http://data.gov.ph/dataset/climatological-normal-values,http://data.gov.ph/sites/default/files/pagasaavvalclarkairpam1997-2010.csv
1516369181-107,http://data.gov.ph/dataset/climatological-normal-values,http://data.gov.ph/sites/default/files/pagasanormvaldagpang1981-2010.csv
1516369121-7,http://data.gov.ph/dataset/budget-expenditures-and-sources-financing-2011,http://data.gov.ph/sites/default/files/migrated/DBMBESFTableB.3c2011.csv
1516369181-106,http://data.gov.ph/dataset/climatological-normal-values,http://data.gov.ph/sites/default/files/pagasanormvaldaetcamnorte1981-2012.csv
1516369127-24,http://data.gov.ph/dataset/consumer-loans-universal-and-commercial-banks,http://data.gov.ph/sites/default/files/bsp_ukb_consumer_loans_2011.csv
1516369267-383,http://data.gov.ph/dataset/bir-tax-statistics,http://data.gov.ph/sites/default/files/bircolmanpaymentimpofc2013.csv
1516369296-428,http://data.gov.ph/dataset/cbms-core-indicators-agusan-del-sur,http://data.gov.ph/sites/default/files/cbms_agusan_del_sur_income_indicators.CSV
1516369261-315,http://data.gov.ph/dataset/20-percent-component-internal-revenue-allotment-utilization-region-iv-calabarzon,http://data.gov.ph/sites/default/files/calamba_city_irau_20121231_q4.csv
1516369187-153,http://data.gov.ph/dataset/balance-sheet-and-key-ratios-rural-and-cooperative-banks,http://data.gov.ph/sites/default/files/bsp_rcb_consolidated_statement_condition_key_ratios_2007.csv
1516369228-228,http://data.gov.ph/dataset/clark-international-airport-corporation-fedex-flight,http://data.gov.ph/sites/default/files/ciac_fedex_flights_2011.csv
1516369261-334,http://data.gov.ph/dataset/20-percent-component-internal-revenue-allotment-utilization-region-iv-calabarzon,http://data.gov.ph/sites/default/files/lucena_city_ira_utilization_2012_q2.csv
1516369302-453,http://data.gov.ph/dataset/civil-aviation-authority-philippines-aircraft-movement,http://data.gov.ph/sites/default/files/airdata_aircraft_movement_2010_1.csv
1516369296-425,http://data.gov.ph/dataset/cbms-core-indicators-agusan-del-sur,http://data.gov.ph/sites/default/files/cbms_agusan_del_sur_educ_indicators.csv
1516369195-165,http://data.gov.ph/dataset/credit-card-receivables-philippine-banking-system,http://data.gov.ph/sites/default/files/bsp_pbs_credit_receivables_2011.csv
1516369218-198,http://data.gov.ph/dataset/cbms-core-indicator-burgos-la-union,http://data.gov.ph/sites/default/files/cbms_la_union_victims_of_crime_indicators.csv
1516369242-254,http://data.gov.ph/dataset/administration-probation-system-and-parole-systems,http://data.gov.ph/sites/default/files/ppa_parole_supervision_caseload_1989-2013.csv
1516369255-288,http://data.gov.ph/dataset/20-percent-component-internal-revenue-allotment-utilization-region-ii-cagayan-valley,http://data.gov.ph/sites/default/files/batanes_ira_utilization_20120630_q1.csv
1516369257-296,http://data.gov.ph/dataset/income-statement-and-key-ratios-thrift-banking-system,http://data.gov.ph/sites/default/files/BSP_income_statement_and_key_ratios_thrift_banking_system_2010_0.csv
1516369213-191,http://data.gov.ph/dataset/registered-suppliers,http://www.ps-philgeps.gov.ph/egp/supplier.html
1516369261-337,http://data.gov.ph/dataset/20-percent-component-internal-revenue-allotment-utilization-region-iv-calabarzon,http://data.gov.ph/sites/default/files/quezon_province_irau_062012_q2.csv
1516369261-373,http://data.gov.ph/dataset/20-percent-component-internal-revenue-allotment-utilization-region-iv-calabarzon,http://data.gov.ph/sites/default/files/lagunaprov_irau_2014_q1.csv
1516369121-12,http://data.gov.ph/dataset/budget-expenditures-and-sources-financing-2011,http://data.gov.ph/sites/default/files/migrated/DBMBESFTableB.2b2011.csv
1516369150-52,http://data.gov.ph/dataset/technical-vocational-education-and-training-tvet-enrolment-and-graduates-comparative-data,http://data.gov.ph/sites/default/files/TVET%20Enrolment%20Comparative%20Data.csv
1516369154-55,http://data.gov.ph/dataset/national-expenditure-program-fy-2015-adjusted-automatic-2014,http://data.gov.ph/sites/default/files/migrated/2015NEPAdjustedAutomatic_0.csv
1516369158-57,http://data.gov.ph/dataset/nscb-electric-energy-consumption-sector,http://data.gov.ph/sites/default/files/nscb_electric_energy_consumption_by_sector_1993-2011.CSV
1516369121-4,http://data.gov.ph/dataset/budget-expenditures-and-sources-financing-2011,http://data.gov.ph/sites/default/files/migrated/DBMBESFTableB.112011.csv
1516369261-300,http://data.gov.ph/dataset/20-percent-component-internal-revenue-allotment-utilization-region-iv-calabarzon,http://data.gov.ph/sites/default/files/antipolo_city_irau_20120630_q2.csv
1516369261-365,http://data.gov.ph/dataset/20-percent-component-internal-revenue-allotment-utilization-region-iv-calabarzon,http://data.gov.ph/sites/default/files/lagunaprov_irau_09302013_q3.csv
1516369251-281,http://data.gov.ph/dataset/budget-expenditures-and-sources-financing-2012,http://data.gov.ph/sites/default/files/migrated/DBMBESFTableB.102012.csv
1516369261-310,http://data.gov.ph/dataset/20-percent-component-internal-revenue-allotment-utilization-region-iv-calabarzon,http://data.gov.ph/sites/default/files/batangas_province_ira_utilization_2012_q3.csv
1516369261-324,http://data.gov.ph/dataset/20-percent-component-internal-revenue-allotment-utilization-region-iv-calabarzon,http://data.gov.ph/sites/default/files/imus_city_ira_utilization_2012_q1.csv
1516369283-406,http://data.gov.ph/dataset/cbms-core-indicators-zamboanga-del-norte,http://data.gov.ph/sites/default/files/cbms_zamboanga_del_norte_water_sanitation_indicators.csv
1516369294-414,http://data.gov.ph/dataset/physical-network-number-offices-also-known-financial-institutions-under-bsp,http://data.gov.ph/sites/default/files/physical_network_number_of_offices_2009.csv
1516369140-39,http://data.gov.ph/dataset/civil-aviation-authority-philippines-passenger-movement,http://data.gov.ph/sites/default/files/airdata_passenger_movement_2008.csv
1516369261-313,http://data.gov.ph/dataset/20-percent-component-internal-revenue-allotment-utilization-region-iv-calabarzon,http://data.gov.ph/sites/default/files/calamba_city_irau_20120430_q2.csv
1516369261-303,http://data.gov.ph/dataset/20-percent-component-internal-revenue-allotment-utilization-region-iv-calabarzon,http://data.gov.ph/sites/default/files/bacoor_city_ira_utilization_201203_q1.csv
1516369265-377,http://data.gov.ph/dataset/cbms-core-indicators-siquijor,http://data.gov.ph/sites/default/files/cbms_siquijor_educ_indicators.csv
1516369224-221,http://data.gov.ph/dataset/metro-rail-transit-line-3-passenger-traffic-saturdays,http://data.gov.ph/sites/default/files/2013_saturdays_average.csv
1516369261-342,http://data.gov.ph/dataset/20-percent-component-internal-revenue-allotment-utilization-region-iv-calabarzon,http://data.gov.ph/sites/default/files/san_pablo_city_irau_201112_q1.csv
1516369296-429,http://data.gov.ph/dataset/cbms-core-indicators-agusan-del-sur,http://data.gov.ph/sites/default/files/cbms_agusan_del_sur_unemp_victims_of_crime_indicators.CSV
1516369234-242,http://data.gov.ph/dataset/registered-products,http://data.gov.ph/sites/default/files/Medical%20Oxygen.csv
1516369181-138,http://data.gov.ph/dataset/climatological-normal-values,http://data.gov.ph/sites/default/files/pagasanormvalviracradarcatan1981-2010.csv
1516369261-320,http://data.gov.ph/dataset/20-percent-component-internal-revenue-allotment-utilization-region-iv-calabarzon,http://data.gov.ph/sites/default/files/dasmarinas_ira_utilization_201203_q1.csv
1516369267-384,http://data.gov.ph/dataset/bir-tax-statistics,http://data.gov.ph/sites/default/files/bircomintrevcolgoalsimpofc2012-2013.csv
1516369234-238,http://data.gov.ph/dataset/registered-products,http://data.gov.ph/sites/default/files/Hazardous%20Substance%20Registration%20%28HSR%29.csv
1516369261-325,http://data.gov.ph/dataset/20-percent-component-internal-revenue-allotment-utilization-region-iv-calabarzon,http://data.gov.ph/sites/default/files/imus_city_ira_utilization_2012_q2.csv
1516369195-169,http://data.gov.ph/dataset/credit-card-receivables-philippine-banking-system,http://data.gov.ph/sites/default/files/bsp_pbs_credit_receivables_2007.csv
1516369257-295,http://data.gov.ph/dataset/income-statement-and-key-ratios-thrift-banking-system,http://data.gov.ph/sites/default/files/BSP_income_statement_and_key_ratios_thrift_banking_system_2011_0.csv
1516369267-382,http://data.gov.ph/dataset/bir-tax-statistics,http://data.gov.ph/sites/default/files/bircomnumtaxretfiledtaxtypebirfnum2012-2013.csv
1516369193-161,http://data.gov.ph/dataset/rail-data-lrt1-peak-hour-light-rail-vehicle-lrv-trips-2009-2013,http://data.gov.ph/sites/default/files/migrated/dotcraildatalrt1sspeakhourlrvtrips.xls
1516369261-366,http://data.gov.ph/dataset/20-percent-component-internal-revenue-allotment-utilization-region-iv-calabarzon,http://data.gov.ph/sites/default/files/lagunaprov_irau_2013_q4.csv
1516369294-413,http://data.gov.ph/dataset/physical-network-number-offices-also-known-financial-institutions-under-bsp,http://data.gov.ph/sites/default/files/physical_network_number_of_offices_2010.csv
1516369300-436,http://data.gov.ph/dataset/civil-aviation-authority-philippines-cargo-and-freight-movement,http://data.gov.ph/sites/default/files/airdata_cargo_freight_movement_2006.csv
1516369261-326,http://data.gov.ph/dataset/20-percent-component-internal-revenue-allotment-utilization-region-iv-calabarzon,http://data.gov.ph/sites/default/files/imus_city_ira_utilization_2012_q4.csv
1516369281-399,http://data.gov.ph/dataset/rsbsa-number-registered-fishermen-sex-ownership-fishing-boat-2013,http://data.gov.ph/sites/default/files/migrated/xlsx_5
1516369222-214,http://data.gov.ph/dataset/income-bureau-treasury,http://data.gov.ph/sites/default/files/btr_income_2013.csv
1516369187-151,http://data.gov.ph/dataset/balance-sheet-and-key-ratios-rural-and-cooperative-banks,http://data.gov.ph/sites/default/files/bsp_rcb_consolidated_statement_condition_key_ratios_2009.csv
1516369218-193,http://data.gov.ph/dataset/cbms-core-indicator-burgos-la-union,http://data.gov.ph/sites/default/files/cbms_la_union_basic_educ_indicators.csv
1516369218-199,http://data.gov.ph/dataset/cbms-core-indicator-burgos-la-union,http://data.gov.ph/sites/default/files/cbms_la_union_water_sanitation_indicators.csv
1516369298-430,http://data.gov.ph/dataset/nscb-core-inflation-rate,http://data.gov.ph/sites/default/files/nscb_core_inflation_rate_2003-2014.CSV
1516369300-445,http://data.gov.ph/dataset/civil-aviation-authority-philippines-cargo-and-freight-movement,http://data.gov.ph/sites/default/files/airdata_cargo_freight_movement_2016.csv
1516369218-195,http://data.gov.ph/dataset/cbms-core-indicator-burgos-la-union,http://data.gov.ph/sites/default/files/cbms_la_union_health_nutrition_indicators.csv
1516369222-213,http://data.gov.ph/dataset/income-bureau-treasury,http://data.gov.ph/sites/default/files/btr_income_2012.csv
1516369261-360,http://data.gov.ph/dataset/20-percent-component-internal-revenue-allotment-utilization-region-iv-calabarzon,http://data.gov.ph/sites/default/files/cavitecity_ira_utilization_2013_q4.csv
1516369187-152,http://data.gov.ph/dataset/balance-sheet-and-key-ratios-rural-and-cooperative-banks,http://data.gov.ph/sites/default/files/bsp_rcb_consolidated_statement_condition_key_ratios_2008.csv
1516369257-293,http://data.gov.ph/dataset/income-statement-and-key-ratios-thrift-banking-system,http://data.gov.ph/sites/default/files/BSP_income_statement_and_key_ratios_thrift_banking_system_2013_0.csv
1516369261-343,http://data.gov.ph/dataset/20-percent-component-internal-revenue-allotment-utilization-region-iv-calabarzon,http://data.gov.ph/sites/default/files/san_pablo_city_ira_utilization_201209_q3.csv
1516369267-386,http://data.gov.ph/dataset/bir-tax-statistics,http://data.gov.ph/sites/default/files/birvolremselexciprod2013.csv
1516369181-98,http://data.gov.ph/dataset/climatological-normal-values,http://data.gov.ph/sites/default/files/pagasanormvalcalcag1981-2011.csv
1516369251-280,http://data.gov.ph/dataset/budget-expenditures-and-sources-financing-2012,http://data.gov.ph/sites/default/files/migrated/DBMBESFTableB.72012.csv
1516369294-420,http://data.gov.ph/dataset/physical-network-number-offices-also-known-financial-institutions-under-bsp,http://data.gov.ph/sites/default/files/physical_network_number_of_offices_2003.csv
1516369134-29,http://data.gov.ph/dataset/training-courses,http://data.gov.ph/sites/default/files/migrated/trainingcourses.xls
1516369197-174,http://data.gov.ph/dataset/nscb-perception-and-awareness-rights-ancestral-domain-and-ancestral-lands,http://data.gov.ph/sites/default/files/nscb_perception_on_and_awareness_of_the_rights_to_ancestral_domains_and_ancestral_lands.CSV
1516369224-217,http://data.gov.ph/dataset/metro-rail-transit-line-3-passenger-traffic-saturdays,http://data.gov.ph/sites/default/files/2011_saturdays_percentage.csv
1516369207-186,http://data.gov.ph/dataset/internal-revenue-allotment-dependency,http://data.gov.ph/sites/default/files/2009-2014_irad_by_municipality.csv
1516369181-135,http://data.gov.ph/dataset/climatological-normal-values,http://data.gov.ph/sites/default/files/pagasanormvaltayabasquez1981-2010.csv
1516369283-400,http://data.gov.ph/dataset/cbms-core-indicators-zamboanga-del-norte,http://data.gov.ph/sites/default/files/cbms_zamboanga_del_norte_basic_educ_indicators.csv
1516369138-31,http://data.gov.ph/dataset/nscb-growth-rates-gni-and-gdp,http://data.gov.ph/sites/default/files/nscb_growth_rates_GNI_and_GDP_2012_to_2013.CSV
1516369242-256,http://data.gov.ph/dataset/administration-probation-system-and-parole-systems,http://data.gov.ph/sites/default/files/ppa_probation_investigation_caseload_1978-2013.csv
1516369261-328,http://data.gov.ph/dataset/20-percent-component-internal-revenue-allotment-utilization-region-iv-calabarzon,http://data.gov.ph/sites/default/files/cavite_province_irau_utilization_04_06_q2.csv
1516369238-251,http://data.gov.ph/dataset/national-government-cash-operations-report,http://data.gov.ph/sites/default/files/btr_natl_govt_cash_operation_report_2014.csv
1516369162-71,http://data.gov.ph/dataset/civil-aviation-authority-philippines-aircraft-incidents,http://data.gov.ph/sites/default/files/2008%20CAAP%20Aircraft%20Incidents.csv
1516369181-119,http://data.gov.ph/dataset/climatological-normal-values,http://data.gov.ph/sites/default/files/pagasanormvallumbiaairmisorientl1981-2010.csv
1516369261-371,http://data.gov.ph/dataset/20-percent-component-internal-revenue-allotment-utilization-region-iv-calabarzon,http://data.gov.ph/sites/default/files/batangasprov_ira_utilization_2014_q1.csv
1516369300-441,http://data.gov.ph/dataset/civil-aviation-authority-philippines-cargo-and-freight-movement,http://data.gov.ph/sites/default/files/airdata_cargo_freight_movement_2009.csv
1516369294-423,http://data.gov.ph/dataset/physical-network-number-offices-also-known-financial-institutions-under-bsp,http://data.gov.ph/sites/default/files/physical_network_number_of_offices_2000.csv
1516369130-27,http://data.gov.ph/dataset/trainees-served-certificates-issued-national-maritime-polytechnic-philippines-1986-2011,http://data.gov.ph/sites/default/files/migrated/doletraineesservedandcertificatesissuedbythenationalmaritimepolytechnicphilippines1986to2011.xls
1516369234-237,http://data.gov.ph/dataset/registered-products,http://data.gov.ph/sites/default/files/Food%20Supplements.csv
1516369181-90,http://data.gov.ph/dataset/climatological-normal-values,http://data.gov.ph/sites/default/files/pagasanormvalalabatquez1999-2010.csv
1516369181-123,http://data.gov.ph/dataset/climatological-normal-values,http://data.gov.ph/sites/default/files/pagasanormvalmasbate1981-2010.csv
1516369160-61,http://data.gov.ph/dataset/balance-sheet-and-key-ratios-thrift-banks,http://data.gov.ph/sites/default/files/bsp_tbs_balance_sheet_key_ratios_2011.csv
1516369261-345,http://data.gov.ph/dataset/20-percent-component-internal-revenue-allotment-utilization-region-iv-calabarzon,http://data.gov.ph/sites/default/files/tagaytay_city_ira_utilization_201206_q2.csv
1516369181-118,http://data.gov.ph/dataset/climatological-normal-values,http://data.gov.ph/sites/default/files/pagasanormvallegaspialbay1981-2010.csv
1516369203-179,http://data.gov.ph/dataset/cbms-core-indicators-zamboanga-del-sur,http://data.gov.ph/sites/default/files/cbms_zamboanga_del_sur_health_nutrition_indicators.csv
1516369140-42,http://data.gov.ph/dataset/civil-aviation-authority-philippines-passenger-movement,http://data.gov.ph/sites/default/files/airdata_passenger_movement_2011.csv
1516369209-188,http://data.gov.ph/dataset/list-accredited-crmpos-and-other-business-machines,http://data.gov.ph/sites/default/files/biraccrecrmpossalesreceiptsoft20120106.csv
1516369181-124,http://data.gov.ph/dataset/climatological-normal-values,http://data.gov.ph/sites/default/files/pagasanormvalnaiapasay1981-2010.csv
1516369261-346,http://data.gov.ph/dataset/20-percent-component-internal-revenue-allotment-utilization-region-iv-calabarzon,http://data.gov.ph/sites/default/files/tagaytay_city_ira_utilization_201210_q3.csv
1516369261-353,http://data.gov.ph/dataset/20-percent-component-internal-revenue-allotment-utilization-region-iv-calabarzon,http://data.gov.ph/sites/default/files/trecemartires_irau_06302012_q2.csv
1516369294-416,http://data.gov.ph/dataset/physical-network-number-offices-also-known-financial-institutions-under-bsp,http://data.gov.ph/sites/default/files/physical_network_number_of_offices_2007.csv
1516369181-109,http://data.gov.ph/dataset/climatological-normal-values,http://data.gov.ph/sites/default/files/pagasanormvaldipzamdelnorte1981-2010.csv
1516369207-187,http://data.gov.ph/dataset/internal-revenue-allotment-dependency,http://data.gov.ph/sites/default/files/2009-2014_irad_by_city.csv
1516369234-235,http://data.gov.ph/dataset/registered-products,http://data.gov.ph/sites/default/files/Drug%20Products.csv
1516369277-396,http://data.gov.ph/dataset/registry-system-basic-sectors-agriculture,http://data.gov.ph/sites/default/files/migrated/farmlaborerssexpayformofpaymentprov.csv
1516369181-143,http://data.gov.ph/dataset/climatological-normal-values,http://data.gov.ph/sites/default/files/pagasaclimavsubic1992-2010.csv
1516369181-102,http://data.gov.ph/dataset/climatological-normal-values,http://data.gov.ph/sites/default/files/pagasanormvalcatnorthsamar1981-2010.csv
1516369220-207,http://data.gov.ph/dataset/balance-sheet-and-key-ratios-nbqb,http://data.gov.ph/sites/default/files/bsp_nbqb_balance_sheet_key_ratios_2007.csv
1516369261-340,http://data.gov.ph/dataset/20-percent-component-internal-revenue-allotment-utilization-region-iv-calabarzon,http://data.gov.ph/sites/default/files/rizal_province_ira_utilization_032012_q1.csv
1516369302-456,http://data.gov.ph/dataset/civil-aviation-authority-philippines-aircraft-movement,http://data.gov.ph/sites/default/files/airdata_aircraft_movement_2007_0.csv
1516369251-278,http://data.gov.ph/dataset/budget-expenditures-and-sources-financing-2012,http://data.gov.ph/sites/default/files/migrated/DBMBESFTableB.3b2012.csv
1516369181-91,http://data.gov.ph/dataset/climatological-normal-values,http://data.gov.ph/sites/default/files/pagasanormvalambubat1981-2010.csv
1516369261-317,http://data.gov.ph/dataset/20-percent-component-internal-revenue-allotment-utilization-region-iv-calabarzon,http://data.gov.ph/sites/default/files/caviteprov_irau_04_06_2012_q2.csv
1516369236-244,http://data.gov.ph/dataset/state-universities-and-colleges-sucs-faculty-student-ratio,http://data.gov.ph/sites/default/files/State%20Universities%20and%20Colleges%20Faculty-Student%20Ratio%20AY%202016-17.csv
1516369220-203,http://data.gov.ph/dataset/balance-sheet-and-key-ratios-nbqb,http://data.gov.ph/sites/default/files/bsp_nbqb_balance_sheet_key_ratios_2011.csv
1516369300-432,http://data.gov.ph/dataset/civil-aviation-authority-philippines-cargo-and-freight-movement,http://data.gov.ph/sites/default/files/airdata_cargo_freight_movement_2002_0.csv
1516369121-11,http://data.gov.ph/dataset/budget-expenditures-and-sources-financing-2011,http://data.gov.ph/sites/default/files/migrated/DBMBESFTableB.92011_0.csv
1516369302-447,http://data.gov.ph/dataset/civil-aviation-authority-philippines-aircraft-movement,http://data.gov.ph/sites/default/files/airdata_aircraft_movement_2016.csv
1516369191-160,http://data.gov.ph/dataset/nscb-mode-resolution-land-issues-conflicts,http://data.gov.ph/sites/default/files/nscb_mode_of_resolution_of_land_issues_conflicts.CSV
1516369203-180,http://data.gov.ph/dataset/cbms-core-indicators-zamboanga-del-sur,http://data.gov.ph/sites/default/files/cbms_zamboanga_del_sur_housing_indicators.csv
1516369261-323,http://data.gov.ph/dataset/20-percent-component-internal-revenue-allotment-utilization-region-iv-calabarzon,http://data.gov.ph/sites/default/files/dasmarinas_ira_utilization_201212_q4.csv
1516369187-156,http://data.gov.ph/dataset/balance-sheet-and-key-ratios-rural-and-cooperative-banks,http://data.gov.ph/sites/default/files/bsp_rcb_consolidated_statement_condition_key_ratios_2003-2004.csv
1516369261-339,http://data.gov.ph/dataset/20-percent-component-internal-revenue-allotment-utilization-region-iv-calabarzon,http://data.gov.ph/sites/default/files/quezon_province_irau_122012_q4.csv
1516369302-449,http://data.gov.ph/dataset/civil-aviation-authority-philippines-aircraft-movement,http://data.gov.ph/sites/default/files/airdata_aircraft_movement_2014_1.csv
1516369300-437,http://data.gov.ph/dataset/civil-aviation-authority-philippines-cargo-and-freight-movement,http://data.gov.ph/sites/default/files/airdata_cargo_freight_movement_2007.csv
1516369181-103,http://data.gov.ph/dataset/climatological-normal-values,http://data.gov.ph/sites/default/files/pagasanormvalcoronpal1981-2010.csv
1516369174-87,http://data.gov.ph/dataset/rsbsa-number-registered-fishermen-sex-highest-gross-tonnage-boat-and-vessel-2013,http://data.gov.ph/sites/default/files/migrated/xlsx_4
1516369244-261,http://data.gov.ph/dataset/senatorial-election-results,http://data.gov.ph/sites/default/files/senatorial_%20results_2013_0.csv
1516369220-201,http://data.gov.ph/dataset/balance-sheet-and-key-ratios-nbqb,http://data.gov.ph/sites/default/files/bsp_nbqb_balance_sheet_key_ratios_2013.csv
1516369172-86,http://data.gov.ph/dataset/price-local-produced-lumber-2012,http://data.gov.ph/sites/default/files/migrated/12404priceoflocalproducedlumber.xls
1516369189-159,http://data.gov.ph/dataset/exchange-visitor-program-information-system,http://data.gov.ph/sites/default/files/evp_j1_registrants_2007-2012.csv
1516369261-299,http://data.gov.ph/dataset/20-percent-component-internal-revenue-allotment-utilization-region-iv-calabarzon,http://data.gov.ph/sites/default/files/antipolo_city_irau_20120331_q1.csv
1516369224-222,http://data.gov.ph/dataset/metro-rail-transit-line-3-passenger-traffic-saturdays,http://data.gov.ph/sites/default/files/2013_saturdays_total.csv
1516369160-68,http://data.gov.ph/dataset/balance-sheet-and-key-ratios-thrift-banks,http://data.gov.ph/sites/default/files/bsp_tbs_balance_sheet_key_ratios_2003-2004.csv
1516369140-45,http://data.gov.ph/dataset/civil-aviation-authority-philippines-passenger-movement,http://data.gov.ph/sites/default/files/airdata_passenger_movement_2014.csv
1516369148-51,http://data.gov.ph/dataset/cy-2011-list-official-development-assistance-oda-grants,http://data.gov.ph/sites/default/files/migrated/cy2011listofodagrants.xls
1516369181-132,http://data.gov.ph/dataset/climatological-normal-values,http://data.gov.ph/sites/default/files/pagasanormvalsurigdelnorte1981-2010.csv
1516369279-398,http://data.gov.ph/dataset/budget-expenditures-and-sources-financing-table-b3a-2013,http://data.gov.ph/sites/default/files/migrated/dbmbesftableb3a2013.csv
1516369271-388,http://data.gov.ph/dataset/nscb-tourism-satellite-accounts,http://data.gov.ph/sites/default/files/nscb_tourism_satellite_accounts_2010-2012.CSV
1516369261-359,http://data.gov.ph/dataset/20-percent-component-internal-revenue-allotment-utilization-region-iv-calabarzon,http://data.gov.ph/sites/default/files/batangasprov_irau_2013_q4.csv
1516369195-172,http://data.gov.ph/dataset/credit-card-receivables-philippine-banking-system,http://data.gov.ph/sites/default/files/bsp_pbs_credit_receivables_2003-2004.csv
1516369187-155,http://data.gov.ph/dataset/balance-sheet-and-key-ratios-rural-and-cooperative-banks,http://data.gov.ph/sites/default/files/bsp_rcb_consolidated_statement_condition_key_ratios_2005.csv
1516369160-59,http://data.gov.ph/dataset/balance-sheet-and-key-ratios-thrift-banks,http://data.gov.ph/sites/default/files/bsp_tbs_balance_sheet_key_ratios_2013.csv
1516369181-111,http://data.gov.ph/dataset/climatological-normal-values,http://data.gov.ph/sites/default/files/pagasanormvalgensansouthcot1981-2010.csv
1516369162-72,http://data.gov.ph/dataset/civil-aviation-authority-philippines-aircraft-incidents,http://data.gov.ph/sites/default/files/2009%20CAAP%20Aircraft%20Incidents.csv
1516369246-264,http://data.gov.ph/dataset/higher-education-institutions,http://data.gov.ph/sites/default/files/migrated/highereducenrolmentdisciplinegroupacadyr20032013.csv
1516369222-211,http://data.gov.ph/dataset/income-bureau-treasury,http://data.gov.ph/sites/default/files/btr_income_2010.csv
1516369261-322,http://data.gov.ph/dataset/20-percent-component-internal-revenue-allotment-utilization-region-iv-calabarzon,http://data.gov.ph/sites/default/files/dasmarinas_ira_utilization_201204_q3.csv
1516369156-56,http://data.gov.ph/dataset/treatment-hubs-people-living-hiv-including-pregnant-women,http://data.gov.ph/sites/default/files/Treatment%20Hubs%20for%20People%20Living%20with%20HIV%20Including%20Pregnant%20Women_0.csv
1516369160-67,http://data.gov.ph/dataset/balance-sheet-and-key-ratios-thrift-banks,http://data.gov.ph/sites/default/files/bsp_tbs_balance_sheet_key_ratios_2005.csv
1516369300-434,http://data.gov.ph/dataset/civil-aviation-authority-philippines-cargo-and-freight-movement,http://data.gov.ph/sites/default/files/airdata_cargo_freight_movement_2004_0.csv
1516369251-285,http://data.gov.ph/dataset/budget-expenditures-and-sources-financing-2012,http://data.gov.ph/sites/default/files/migrated/DBMBESFTableB.4a2012.csv
1516369224-216,http://data.gov.ph/dataset/metro-rail-transit-line-3-passenger-traffic-saturdays,http://data.gov.ph/sites/default/files/2011_saturdays_ave.csv
1516369195-168,http://data.gov.ph/dataset/credit-card-receivables-philippine-banking-system,http://data.gov.ph/sites/default/files/bsp_pbs_credit_receivables_2008.csv
1516369119-1,http://data.gov.ph/dataset/status-welfare-cases-site,http://data.gov.ph/sites/default/files/dolestatwelfarecases2007-2011.csv
1516369294-412,http://data.gov.ph/dataset/physical-network-number-offices-also-known-financial-institutions-under-bsp,http://data.gov.ph/sites/default/files/physical_network_number_of_offices_2011.csv
1516369257-297,http://data.gov.ph/dataset/income-statement-and-key-ratios-thrift-banking-system,http://data.gov.ph/sites/default/files/BSP_income_statement_and_key_ratios_thrift_banking_system_2009_0.csv
1516369261-357,http://data.gov.ph/dataset/20-percent-component-internal-revenue-allotment-utilization-region-iv-calabarzon,http://data.gov.ph/sites/default/files/batangasprov_irau_2013_q2.csv
1516369261-369,http://data.gov.ph/dataset/20-percent-component-internal-revenue-allotment-utilization-region-iv-calabarzon,http://data.gov.ph/sites/default/files/quezonprov_irau_09302013_q3.csv
1516369275-390,http://data.gov.ph/dataset/nscb-foreign-trade-philippines,http://data.gov.ph/sites/default/files/nscb_foreign_trade_of_the_philippines_1990-2013.CSV
1516369121-13,http://data.gov.ph/dataset/budget-expenditures-and-sources-financing-2011,http://data.gov.ph/sites/default/files/migrated/DBMBESFTableB.102011.csv
1516369277-393,http://data.gov.ph/dataset/registry-system-basic-sectors-agriculture,http://data.gov.ph/sites/default/files/migrated/farmersfarmlaborersfishermancct4psbeneficiarysexprov.csv
1516369195-167,http://data.gov.ph/dataset/credit-card-receivables-philippine-banking-system,http://data.gov.ph/sites/default/files/bsp_pbs_credit_receivables_2009.csv
1516369140-37,http://data.gov.ph/dataset/civil-aviation-authority-philippines-passenger-movement,http://data.gov.ph/sites/default/files/airdata_passenger_movement_2006.csv
1516369244-260,http://data.gov.ph/dataset/senatorial-election-results,http://data.gov.ph/sites/default/files/senatorial_results_2007.csv
1516369181-133,http://data.gov.ph/dataset/climatological-normal-values,http://data.gov.ph/sites/default/files/pagasanormvaltaclcityleyte1981-2010.csv
1516369242-255,http://data.gov.ph/dataset/administration-probation-system-and-parole-systems,http://data.gov.ph/sites/default/files/ppa_pre_parole_executive_clemency_investigation_caseload_1991-2013.csv
1516369261-370,http://data.gov.ph/dataset/20-percent-component-internal-revenue-allotment-utilization-region-iv-calabarzon,http://data.gov.ph/sites/default/files/quezonprov_irau_12312013_q4.csv
1516369261-352,http://data.gov.ph/dataset/20-percent-component-internal-revenue-allotment-utilization-region-iv-calabarzon,http://data.gov.ph/sites/default/files/trecemartires_irau_03312012_q1.csv
1516369302-459,http://data.gov.ph/dataset/civil-aviation-authority-philippines-aircraft-movement,http://data.gov.ph/sites/default/files/airdata_aircraft_movement_2004_0.csv
1516369294-424,http://data.gov.ph/dataset/physical-network-number-offices-also-known-financial-institutions-under-bsp,http://data.gov.ph/sites/default/files/physical_network_number_of_offices_1999.csv
1516369234-243,http://data.gov.ph/dataset/registered-products,http://data.gov.ph/sites/default/files/Veterinary%20Products.csv
1516369265-380,http://data.gov.ph/dataset/cbms-core-indicators-siquijor,http://data.gov.ph/sites/default/files/cbms_siquijor_income_indicators.csv
1516369261-347,http://data.gov.ph/dataset/20-percent-component-internal-revenue-allotment-utilization-region-iv-calabarzon,http://data.gov.ph/sites/default/files/tanauan_city_ira_utilization_201212_q4.csv
1516369261-321,http://data.gov.ph/dataset/20-percent-component-internal-revenue-allotment-utilization-region-iv-calabarzon,http://data.gov.ph/sites/default/files/dasmarinas_ira_utilization_201209_q2.csv
1516369300-446,http://data.gov.ph/dataset/civil-aviation-authority-philippines-cargo-and-freight-movement,http://data.gov.ph/sites/default/files/airdata_cargo_freight_movement_2012.csv
1516369261-306,http://data.gov.ph/dataset/20-percent-component-internal-revenue-allotment-utilization-region-iv-calabarzon,http://data.gov.ph/sites/default/files/batangas_city_irau_06302012_q2.csv
1516369127-26,http://data.gov.ph/dataset/consumer-loans-universal-and-commercial-banks,http://data.gov.ph/sites/default/files/bsp_ukb_consumer_loans_2009.csv
1516369277-397,http://data.gov.ph/dataset/registry-system-basic-sectors-agriculture,http://data.gov.ph/sites/default/files/migrated/farmersfarmlaborersagrarianreformbeneficiariessexprov.csv
1516369238-247,http://data.gov.ph/dataset/national-government-cash-operations-report,http://data.gov.ph/sites/default/files/btr_natl_govt_cash_operation_report_2010.csv
1516369228-227,http://data.gov.ph/dataset/clark-international-airport-corporation-fedex-flight,http://data.gov.ph/sites/default/files/ciac_fedex_flights_2010.csv
1516369160-63,http://data.gov.ph/dataset/balance-sheet-and-key-ratios-thrift-banks,http://data.gov.ph/sites/default/files/bsp_tbs_balance_sheet_key_ratios_2009.csv
1516369140-35,http://data.gov.ph/dataset/civil-aviation-authority-philippines-passenger-movement,http://data.gov.ph/sites/default/files/airdata_passenger_movement_2004.csv
1516369181-130,http://data.gov.ph/dataset/climatological-normal-values,http://data.gov.ph/sites/default/files/pagasanormvalsanjoseoccmin1981-2010.csv
1516369160-64,http://data.gov.ph/dataset/balance-sheet-and-key-ratios-thrift-banks,http://data.gov.ph/sites/default/files/bsp_tbs_balance_sheet_key_ratios_2008.csv
1516369181-96,http://data.gov.ph/dataset/climatological-normal-values,http://data.gov.ph/sites/default/files/pagasanormvalbutuanagdelnorte1981-2010.csv
1516369181-126,http://data.gov.ph/dataset/climatological-normal-values,http://data.gov.ph/sites/default/files/pagasanormvalpuertoprincesapal1981-2010.csv
1516369181-93,http://data.gov.ph/dataset/climatological-normal-values,http://data.gov.ph/sites/default/files/pagasanormvalbagiuobeng1981-2010.csv
1516369187-158,http://data.gov.ph/dataset/balance-sheet-and-key-ratios-rural-and-cooperative-banks,http://data.gov.ph/sites/default/files/bsp_rcb_consolidated_statement_condition_key_ratios_1999-2000.csv
1516369261-368,http://data.gov.ph/dataset/20-percent-component-internal-revenue-allotment-utilization-region-iv-calabarzon,http://data.gov.ph/sites/default/files/quezonprov_irau_06302013_q2.csv
1516369160-65,http://data.gov.ph/dataset/balance-sheet-and-key-ratios-thrift-banks,http://data.gov.ph/sites/default/files/bsp_tbs_balance_sheet_key_ratios_2007.csv
1516369176-88,http://data.gov.ph/dataset/state-universities-and-colleges-cost-student,http://data.gov.ph/sites/default/files/State%20Universities%20and%20Colleges%20Cost%20Per%20Student%20AY%202015_2016.csv
1516369220-206,http://data.gov.ph/dataset/balance-sheet-and-key-ratios-nbqb,http://data.gov.ph/sites/default/files/bsp_nbqb_balance_sheet_key_ratios_2008.csv
1516369181-116,http://data.gov.ph/dataset/climatological-normal-values,http://data.gov.ph/sites/default/files/pagasanormvalitbayatbatan1981-2010.csv
1516369121-9,http://data.gov.ph/dataset/budget-expenditures-and-sources-financing-2011,http://data.gov.ph/sites/default/files/migrated/DBMBESFTableB.92011.csv
1516369228-229,http://data.gov.ph/dataset/clark-international-airport-corporation-fedex-flight,http://data.gov.ph/sites/default/files/ciac_fedex_flights_2012.csv
1516369160-66,http://data.gov.ph/dataset/balance-sheet-and-key-ratios-thrift-banks,http://data.gov.ph/sites/default/files/bsp_tbs_balance_sheet_key_ratios_2006.csv
1516369246-268,http://data.gov.ph/dataset/higher-education-institutions,http://data.gov.ph/sites/default/files/migrated/percperformanceheiprclicensureexamregionsector20082012.csv
1516369261-301,http://data.gov.ph/dataset/20-percent-component-internal-revenue-allotment-utilization-region-iv-calabarzon,http://data.gov.ph/sites/default/files/antipolo_city_irau_20120930_q3.csv
1516369205-184,http://data.gov.ph/dataset/cost-overruns-active-oda-loan-assisted-projects,http://data.gov.ph/sites/default/files/migrated/CostoverrunsofActiveODALoanassistedProjectsasofSep302014Dataset.csv
1516369294-419,http://data.gov.ph/dataset/physical-network-number-offices-also-known-financial-institutions-under-bsp,http://data.gov.ph/sites/default/files/physical_network_number_of_offices_2004.csv
1516369213-190,http://data.gov.ph/dataset/registered-suppliers,http://data.gov.ph/sites/default/files/102017_philgeps_supplier_dir_list.csv
1516369222-215,http://data.gov.ph/dataset/income-bureau-treasury,http://data.gov.ph/sites/default/files/btr_income_2014.csv
1516369162-74,http://data.gov.ph/dataset/civil-aviation-authority-philippines-aircraft-incidents,http://data.gov.ph/sites/default/files/2011%20CAAP%20Aircraft%20Incidents_0.csv
1516369121-3,http://data.gov.ph/dataset/budget-expenditures-and-sources-financing-2011,http://data.gov.ph/sites/default/files/migrated/DBMBESFTableB.3a2011.csv
1516369160-60,http://data.gov.ph/dataset/balance-sheet-and-key-ratios-thrift-banks,http://data.gov.ph/sites/default/files/bsp_tbs_balance_sheet_key_ratios_2012.csv
1516369244-259,http://data.gov.ph/dataset/senatorial-election-results,http://data.gov.ph/sites/default/files/senatorial_results_2004.csv
1516369261-307,http://data.gov.ph/dataset/20-percent-component-internal-revenue-allotment-utilization-region-iv-calabarzon,http://data.gov.ph/sites/default/files/batangas_city_irau_09302012_q3.csv
1516369140-41,http://data.gov.ph/dataset/civil-aviation-authority-philippines-passenger-movement,http://data.gov.ph/sites/default/files/airdata_passenger_movement_2010.csv
1516369248-269,http://data.gov.ph/dataset/workers-assessed-certified-under-philippine-tvet-qualification-certification-system-1975,http://data.gov.ph/sites/default/files/migrated/xls
1516369261-355,http://data.gov.ph/dataset/20-percent-component-internal-revenue-allotment-utilization-region-iv-calabarzon,http://data.gov.ph/sites/default/files/trecemartires_irau_12312012_q4.csv
1516369263-376,http://data.gov.ph/dataset/nscb-awareness-right-ownership-through-acquisition-title-ancestral-domain-0,http://data.gov.ph/sites/default/files/nscb_awareness_of_right_to_ownership_through_acquisition_of_title_to_ancestral_domain.csv
1516369201-176,http://data.gov.ph/dataset/nscb-health-expenditure-source-funds,http://data.gov.ph/sites/default/files/nscb_health_expenditure_by_source_of_funds_2009-2011.CSV
1516369203-182,http://data.gov.ph/dataset/cbms-core-indicators-zamboanga-del-sur,http://data.gov.ph/sites/default/files/cbms_zamboanga_del_sur_peace_order_indicators.csv
1516369265-379,http://data.gov.ph/dataset/cbms-core-indicators-siquijor,http://data.gov.ph/sites/default/files/cbms_siquijor_housing_water_sanitation_indicators.csv
1516369261-374,http://data.gov.ph/dataset/20-percent-component-internal-revenue-allotment-utilization-region-iv-calabarzon,http://data.gov.ph/sites/default/files/lagunaprov_irau_2014_q2.csv
1516369220-204,http://data.gov.ph/dataset/balance-sheet-and-key-ratios-nbqb,http://data.gov.ph/sites/default/files/bsp_nbqb_balance_sheet_key_ratios_2010.csv
1516369246-263,http://data.gov.ph/dataset/higher-education-institutions,http://data.gov.ph/sites/default/files/migrated/disthighereducinsti20122013.csv
1516369306-464,http://data.gov.ph/dataset/2003-average-domestic-price-lumber,http://data.gov.ph/sites/default/files/migrated/priceslumber2003.xls
1516369251-277,http://data.gov.ph/dataset/budget-expenditures-and-sources-financing-2012,http://data.gov.ph/sites/default/files/migrated/DBMBESFTableB.2c2012.csv
1516369283-405,http://data.gov.ph/dataset/cbms-core-indicators-zamboanga-del-norte,http://data.gov.ph/sites/default/files/cbms_zamboanga_del_norte_peace_order_indicators.csv
1516369211-189,http://data.gov.ph/dataset/existing-collective-bargaining-agreements-cbas-private-sector-newly-filed-and-workers,http://data.gov.ph/sites/default/files/doleexistingcbasintheprivsector1963-2012.csv
1516369296-426,http://data.gov.ph/dataset/cbms-core-indicators-agusan-del-sur,http://data.gov.ph/sites/default/files/cbms_agusan_del_sur_health_nutrition_indicators.CSV
1516369181-100,http://data.gov.ph/dataset/climatological-normal-values,http://data.gov.ph/sites/default/files/pagasanormvalcasigquez1981-2010.csv
1516369302-452,http://data.gov.ph/dataset/civil-aviation-authority-philippines-aircraft-movement,http://data.gov.ph/sites/default/files/airdata_aircraft_movement_2011_0.csv
1516369224-225,http://data.gov.ph/dataset/metro-rail-transit-line-3-passenger-traffic-saturdays,http://data.gov.ph/sites/default/files/2014_saturdays_total.csv
1516369240-252,http://data.gov.ph/dataset/bir-registration-statistics,http://data.gov.ph/sites/default/files/1comnumregtaxpayers.csv
1516369304-463,http://data.gov.ph/dataset/tobacco-prices-0,http://data.gov.ph/sites/default/files/databaccoprices2008-2013.csv
1516369162-73,http://data.gov.ph/dataset/civil-aviation-authority-philippines-aircraft-incidents,http://data.gov.ph/sites/default/files/2010%20CAAP%20Aircraft%20Incidents.csv
1516369181-120,http://data.gov.ph/dataset/climatological-normal-values,http://data.gov.ph/sites/default/files/pagasanormvalmaasinsouthleyte1981-2010.csv
1516369181-110,http://data.gov.ph/dataset/climatological-normal-values,http://data.gov.ph/sites/default/files/pagasanormvaldumnegrosorientl1981-2010.csv
1516369195-171,http://data.gov.ph/dataset/credit-card-receivables-philippine-banking-system,http://data.gov.ph/sites/default/files/bsp_pbs_credit_receivables_2005.csv
1516369300-433,http://data.gov.ph/dataset/civil-aviation-authority-philippines-cargo-and-freight-movement,http://data.gov.ph/sites/default/files/airdata_cargo_freight_movement_2003_0.csv
1516369251-276,http://data.gov.ph/dataset/budget-expenditures-and-sources-financing-2012,http://data.gov.ph/sites/default/files/migrated/DBMBESFTableB.7a2012.csv
1516369181-144,http://data.gov.ph/dataset/climatological-normal-values,http://data.gov.ph/sites/default/files/pagasaclimavtanayrizal1999-2012.csv
1516369251-274,http://data.gov.ph/dataset/budget-expenditures-and-sources-financing-2012,http://data.gov.ph/sites/default/files/migrated/DBMBESFTableB.2a2012.csv
1516369251-272,http://data.gov.ph/dataset/budget-expenditures-and-sources-financing-2012,http://data.gov.ph/sites/default/files/migrated/DBMBESFTableB.132012.csv
1516369140-34,http://data.gov.ph/dataset/civil-aviation-authority-philippines-passenger-movement,http://data.gov.ph/sites/default/files/airdata_passenger_movement_2003.csv
1516369121-10,http://data.gov.ph/dataset/budget-expenditures-and-sources-financing-2011,http://data.gov.ph/sites/default/files/migrated/DBMBESFTableB.132011.csv
1516369181-101,http://data.gov.ph/dataset/climatological-normal-values,http://data.gov.ph/sites/default/files/pagasanormvalcatbawestsam1981-2010.csv
1516369121-17,http://data.gov.ph/dataset/budget-expenditures-and-sources-financing-2011,http://data.gov.ph/sites/default/files/migrated/DBMBESFTableB.4c2011.csv
1516369234-241,http://data.gov.ph/dataset/registered-products,http://data.gov.ph/sites/default/files/Household%20Remedy%20Products.csv
1516369261-302,http://data.gov.ph/dataset/20-percent-component-internal-revenue-allotment-utilization-region-iv-calabarzon,http://data.gov.ph/sites/default/files/antipolo_city_irau_20121231_q4.csv
1516369166-83,http://data.gov.ph/dataset/masterlist-public-school,http://data.gov.ph/sites/default/files/Masterlist%20of%20Schools%20Secondary.csv
1516369261-350,http://data.gov.ph/dataset/20-percent-component-internal-revenue-allotment-utilization-region-iv-calabarzon,http://data.gov.ph/sites/default/files/tayabas_city_irau_2012_q3.csv
